{
  "rte": 0.7906137184115524,
  "scitail": 0.9608895705521472,
  "snli": 0.9057,
  "mrpc": 0.9044117647058824,
  "mnli": 0.8858889454915945,
  "qqp": 0.9159287657679941,
  "qnli": 0.9341021416803954,
  "sst2": 0.9529816513761468,
  "wnli": 0.5633802816901409,
  "cola": 0.6056612573992737
}