{
    "rte": {
        "target-rte-interm-mrpc-1e-5-deberta": -0.032490974729241895,
        "target-rte-interm-hotpotqa-1e-5-deberta": -0.08303249097472931,
        "target-rte-interm-drop-1e-5-deberta": -0.08303249097472931,
        "target-rte-interm-duorcp-1e-5-deberta": -0.08303249097472931,
        "target-rte-interm-comqa-1e-5-deberta": -0.08303249097472931,
        "target-rte-interm-squad_v2-1e-5-deberta": -0.08303249097472931,
        "target-rte-interm-newsqa-1e-5-deberta": -0.08303249097472931,
        "target-rte-interm-duorcs-1e-5-deberta": -0.08303249097472931,
        "target-rte-interm-qqp-1e-5-deberta": -0.14440433212996395,
        "target-rte-interm-wnli-1e-5-deberta": -0.06859205776173283,
        "target-rte-interm-squad-1e-5-deberta": -0.08303249097472931,
        "target-rte-interm-snli-1e-5-deberta": 0.04332129963898912,
        "target-rte-interm-mnli-1e-5-deberta": 0.06498194945848368,
        "target-rte-interm-cq-1e-5-deberta": -0.08303249097472931,
        "target-rte-interm-scitail-1e-5-deberta": -0.06859205776173283,
        "target-rte-interm-wikihop-1e-5-deberta": -0.08303249097472931,
        "target-rte-interm-sst2-1e-5-deberta": 0.02527075812274371,
        "target-rte-interm-boolq-1e-5-deberta": 0.04693140794223827,
        "target-rte-interm-qnli-1e-5-deberta": -0.010830324909747335
    },
    "scitail": {
        "target-scitail-interm-squad-1e-5-deberta": 0.0,
        "target-scitail-interm-qqp-1e-5-deberta": -0.0015337423312883347,
        "target-scitail-interm-sst2-1e-5-deberta": -0.008435582822085785,
        "target-scitail-interm-squad_v2-1e-5-deberta": 0.0,
        "target-scitail-interm-newsqa-1e-5-deberta": 0.0,
        "target-scitail-interm-mrpc-1e-5-deberta": -0.006134969325153339,
        "target-scitail-interm-hotpotqa-1e-5-deberta": 0.0,
        "target-scitail-interm-comqa-1e-5-deberta": 0.0,
        "target-scitail-interm-wikihop-1e-5-deberta": 0.0,
        "target-scitail-interm-qnli-1e-5-deberta": -0.0007668711656441118,
        "target-scitail-interm-duorcs-1e-5-deberta": 0.0,
        "target-scitail-interm-cq-1e-5-deberta": 0.0,
        "target-scitail-interm-duorcp-1e-5-deberta": 0.0,
        "target-scitail-interm-wnli-1e-5-deberta": -0.0007668711656441118,
        "target-scitail-interm-snli-1e-5-deberta": -0.0030674846625766694,
        "target-scitail-interm-boolq-1e-5-deberta": 0.0015337423312884457,
        "target-scitail-interm-rte-1e-5-deberta": -0.0030674846625766694,
        "target-scitail-interm-drop-1e-5-deberta": 0.0,
        "target-scitail-interm-mnli-1e-5-deberta": 0.009969325153374231
    },
    "snli": {
        "target-snli-interm-mrpc-1e-5-deberta": 0.0008000000000000229,
        "target-snli-interm-comqa-1e-5-deberta": 0.0010000000000000009,
        "target-snli-interm-scitail-1e-5-deberta": 0.0013000000000000789,
        "target-snli-interm-duorcp-1e-5-deberta": 0.0010000000000000009,
        "target-snli-interm-squad_v2-1e-5-deberta": 0.0010000000000000009,
        "target-snli-interm-newsqa-1e-5-deberta": 0.0010000000000000009,
        "target-snli-interm-qqp-1e-5-deberta": -0.0010000000000000009,
        "target-snli-interm-drop-1e-5-deberta": 0.0010000000000000009,
        "target-snli-interm-wnli-1e-5-deberta": -0.0008999999999999009,
        "target-snli-interm-hotpotqa-1e-5-deberta": 0.0010000000000000009,
        "target-snli-interm-squad-1e-5-deberta": 0.0010000000000000009,
        "target-snli-interm-cq-1e-5-deberta": 0.0010000000000000009,
        "target-snli-interm-mnli-1e-5-deberta": 0.0033000000000000806,
        "target-snli-interm-duorcs-1e-5-deberta": 0.0010000000000000009,
        "target-snli-interm-boolq-1e-5-deberta": -0.0004999999999999449,
        "target-snli-interm-rte-1e-5-deberta": 0.000500000000000056,
        "target-snli-interm-sst2-1e-5-deberta": 0.000500000000000056,
        "target-snli-interm-qnli-1e-5-deberta": 0.00010000000000010001,
        "target-snli-interm-wikihop-1e-5-deberta": 0.0010000000000000009
    },
    "qqp": {
        "target-qqp-interm-hotpotqa-1e-5-deberta": 0.0,
        "target-qqp-interm-sst2-1e-5-deberta": -0.0010140984417511545,
        "target-qqp-interm-drop-1e-5-deberta": 0.0,
        "target-qqp-interm-cq-1e-5-deberta": 0.0,
        "target-qqp-interm-scitail-1e-5-deberta": 0.0011625030917634671,
        "target-qqp-interm-newsqa-1e-5-deberta": 0.0,
        "target-qqp-interm-mnli-1e-5-deberta": -0.0004452139500371599,
        "target-qqp-interm-wnli-1e-5-deberta": 0.0004946821667078938,
        "target-qqp-interm-snli-1e-5-deberta": -0.0008656937917388419,
        "target-qqp-interm-mrpc-1e-5-deberta": 0.0011130348750927332,
        "target-qqp-interm-comqa-1e-5-deberta": 0.0,
        "target-qqp-interm-qnli-1e-5-deberta": 7.420232500621182e-05,
        "target-qqp-interm-boolq-1e-5-deberta": -0.000816225575067997,
        "target-qqp-interm-squad_v2-1e-5-deberta": 0.0,
        "target-qqp-interm-wikihop-1e-5-deberta": 0.0,
        "target-qqp-interm-squad-1e-5-deberta": 0.0,
        "target-qqp-interm-duorcp-1e-5-deberta": 0.0,
        "target-qqp-interm-rte-1e-5-deberta": -0.000395745733366315,
        "target-qqp-interm-duorcs-1e-5-deberta": 0.0
    },
    "qnli": {
        "target-qnli-interm-squad_v2-1e-5-deberta": 0.0010982976386600951,
        "target-qnli-interm-cq-1e-5-deberta": 0.0010982976386600951,
        "target-qnli-interm-duorcs-1e-5-deberta": 0.0010982976386600951,
        "target-qnli-interm-wikihop-1e-5-deberta": 0.0010982976386600951,
        "target-qnli-interm-scitail-1e-5-deberta": -0.0007321984257734337,
        "target-qnli-interm-mrpc-1e-5-deberta": 0.00036609921288666136,
        "target-qnli-interm-squad-1e-5-deberta": 0.0010982976386600951,
        "target-qnli-interm-comqa-1e-5-deberta": 0.0010982976386600951,
        "target-qnli-interm-wnli-1e-5-deberta": -0.0010982976386600951,
        "target-qnli-interm-snli-1e-5-deberta": -0.004210140948196939,
        "target-qnli-interm-qqp-1e-5-deberta": -0.00658978583196046,
        "target-qnli-interm-sst2-1e-5-deberta": 0.0007321984257733227,
        "target-qnli-interm-boolq-1e-5-deberta": 0.0018304960644334178,
        "target-qnli-interm-drop-1e-5-deberta": 0.0010982976386600951,
        "target-qnli-interm-mnli-1e-5-deberta": -0.003477942522423616,
        "target-qnli-interm-hotpotqa-1e-5-deberta": 0.0010982976386600951,
        "target-qnli-interm-duorcp-1e-5-deberta": 0.0010982976386600951,
        "target-qnli-interm-newsqa-1e-5-deberta": 0.0010982976386600951,
        "target-qnli-interm-rte-1e-5-deberta": 0.00018304960644333068
    },
    "sst2": {
        "target-sst2-interm-squad-1e-5-deberta": 0.0,
        "target-sst2-interm-boolq-1e-5-deberta": 0.0011467889908257645,
        "target-sst2-interm-newsqa-1e-5-deberta": 0.0,
        "target-sst2-interm-rte-1e-5-deberta": -0.0011467889908256534,
        "target-sst2-interm-qqp-1e-5-deberta": -0.004587155963302725,
        "target-sst2-interm-cq-1e-5-deberta": 0.0,
        "target-sst2-interm-hotpotqa-1e-5-deberta": 0.0,
        "target-sst2-interm-wikihop-1e-5-deberta": 0.0,
        "target-sst2-interm-wnli-1e-5-deberta": 0.005733944954128489,
        "target-sst2-interm-drop-1e-5-deberta": 0.0,
        "target-sst2-interm-snli-1e-5-deberta": -0.0034403669724770714,
        "target-sst2-interm-mrpc-1e-5-deberta": -0.0011467889908256534,
        "target-sst2-interm-qnli-1e-5-deberta": -0.002293577981651307,
        "target-sst2-interm-scitail-1e-5-deberta": -0.002293577981651307,
        "target-sst2-interm-squad_v2-1e-5-deberta": 0.0,
        "target-sst2-interm-duorcs-1e-5-deberta": 0.0,
        "target-sst2-interm-comqa-1e-5-deberta": 0.0,
        "target-sst2-interm-mnli-1e-5-deberta": -0.002293577981651307,
        "target-sst2-interm-duorcp-1e-5-deberta": 0.0
    }
}