{
  "target-mrpc-interm-hotpotqa-1e-5-deberta": 0.9044117647058824,
  "target-mrpc-interm-sst2-1e-5-deberta": 0.8921568627450981,
  "target-mrpc-interm-qqp-1e-5-deberta": 0.8897058823529411,
  "target-mrpc-interm-newsqa-1e-5-deberta": 0.9044117647058824,
  "target-mrpc-interm-squad-1e-5-deberta": 0.9044117647058824,
  "target-mrpc-interm-scitail-1e-5-deberta": 0.8921568627450981,
  "target-mrpc-interm-rte-1e-5-deberta": 0.875,
  "target-mrpc-interm-qnli-1e-5-deberta": 0.8970588235294118,
  "target-mrpc-interm-boolq-1e-5-deberta": 0.8946078431372549,
  "target-mrpc-interm-comqa-1e-5-deberta": 0.9044117647058824,
  "target-mrpc-interm-cq-1e-5-deberta": 0.9044117647058824,
  "target-mrpc-interm-snli-1e-5-deberta": 0.8823529411764706,
  "target-mrpc-interm-mnli-1e-5-deberta": 0.8946078431372549,
  "target-mrpc-interm-wnli-1e-5-deberta": 0.9068627450980392,
  "target-mrpc-interm-drop-1e-5-deberta": 0.9044117647058824,
  "target-mrpc-interm-duorcp-1e-5-deberta": 0.9044117647058824,
  "target-mrpc-interm-wikihop-1e-5-deberta": 0.9044117647058824,
  "target-mrpc-interm-duorcs-1e-5-deberta": 0.9044117647058824,
  "target-mrpc-interm-squad_v2-1e-5-deberta": 0.9044117647058824
}