{
  "target-rte-interm-mrpc-1e-5-deberta": 0.7581227436823105,
  "target-rte-interm-hotpotqa-1e-5-deberta": 0.7075812274368231,
  "target-rte-interm-drop-1e-5-deberta": 0.7075812274368231,
  "target-rte-interm-duorcp-1e-5-deberta": 0.7075812274368231,
  "target-rte-interm-comqa-1e-5-deberta": 0.7075812274368231,
  "target-rte-interm-squad_v2-1e-5-deberta": 0.7075812274368231,
  "target-rte-interm-newsqa-1e-5-deberta": 0.7075812274368231,
  "target-rte-interm-duorcs-1e-5-deberta": 0.7075812274368231,
  "target-rte-interm-qqp-1e-5-deberta": 0.6462093862815884,
  "target-rte-interm-wnli-1e-5-deberta": 0.7220216606498195,
  "target-rte-interm-squad-1e-5-deberta": 0.7075812274368231,
  "target-rte-interm-snli-1e-5-deberta": 0.8339350180505415,
  "target-rte-interm-mnli-1e-5-deberta": 0.855595667870036,
  "target-rte-interm-cq-1e-5-deberta": 0.7075812274368231,
  "target-rte-interm-scitail-1e-5-deberta": 0.7220216606498195,
  "target-rte-interm-wnli-deberta": 0.5270758122743683,
  "target-rte-interm-wikihop-1e-5-deberta": 0.7075812274368231,
  "target-rte-interm-sst2-1e-5-deberta": 0.8158844765342961,
  "target-rte-interm-boolq-1e-5-deberta": 0.8375451263537906,
  "target-rte-interm-qnli-1e-5-deberta": 0.779783393501805
}