{
  "target-rte-interm-mrpc-1e-5-deberta": 0.7328519855595668,
  "target-rte-interm-hotpotqa-1e-5-deberta": 0.7075812274368231,
  "target-rte-interm-drop-1e-5-deberta": 0.7075812274368231,
  "target-rte-interm-duorcp-1e-5-deberta": 0.7075812274368231,
  "target-rte-interm-comqa-1e-5-deberta": 0.7075812274368231,
  "target-rte-interm-squad_v2-1e-5-deberta": 0.7075812274368231,
  "target-rte-interm-newsqa-1e-5-deberta": 0.7075812274368231,
  "target-rte-interm-duorcs-1e-5-deberta": 0.7075812274368231,
  "target-rte-interm-qqp-1e-5-deberta": 0.7545126353790613,
  "target-rte-interm-wnli-1e-5-deberta": 0.7545126353790613,
  "target-rte-interm-squad-1e-5-deberta": 0.7075812274368231,
  "target-rte-interm-snli-1e-5-deberta": 0.855595667870036,
  "target-rte-interm-mnli-1e-5-deberta": 0.8664259927797834,
  "target-rte-interm-cq-1e-5-deberta": 0.7075812274368231,
  "target-rte-interm-scitail-1e-5-deberta": 0.740072202166065,
  "target-rte-interm-wikihop-1e-5-deberta": 0.7075812274368231,
  "target-rte-interm-sst2-1e-5-deberta": 0.8267148014440433,
  "target-rte-interm-boolq-1e-5-deberta": 0.8158844765342961,
  "target-rte-interm-qnli-1e-5-deberta": 0.7545126353790613,
  "target-rte-interm-cola-1e-5-deberta": 0.7906137184115524
}