{
  "target-sst2-interm-squad-1e-5-deberta": 0.9529816513761468,
  "target-sst2-interm-boolq-1e-5-deberta": 0.9541284403669725,
  "target-sst2-interm-newsqa-1e-5-deberta": 0.9529816513761468,
  "target-sst2-interm-rte-1e-5-deberta": 0.9518348623853211,
  "target-sst2-interm-qqp-1e-5-deberta": 0.948394495412844,
  "target-sst2-interm-cq-1e-5-deberta": 0.9529816513761468,
  "target-sst2-interm-hotpotqa-1e-5-deberta": 0.9529816513761468,
  "target-sst2-interm-wikihop-1e-5-deberta": 0.9529816513761468,
  "target-sst2-interm-wnli-1e-5-deberta": 0.9587155963302753,
  "target-sst2-interm-drop-1e-5-deberta": 0.9529816513761468,
  "target-sst2-interm-snli-1e-5-deberta": 0.9495412844036697,
  "target-sst2-interm-mrpc-1e-5-deberta": 0.9518348623853211,
  "target-sst2-interm-qnli-1e-5-deberta": 0.9506880733944955,
  "target-sst2-interm-scitail-1e-5-deberta": 0.9506880733944955,
  "target-sst2-interm-squad_v2-1e-5-deberta": 0.9529816513761468,
  "target-sst2-interm-duorcs-1e-5-deberta": 0.9529816513761468,
  "target-sst2-interm-comqa-1e-5-deberta": 0.9529816513761468,
  "target-sst2-interm-mnli-1e-5-deberta": 0.9506880733944955,
  "target-sst2-interm-duorcp-1e-5-deberta": 0.9529816513761468
}