{
  "target-wnli-interm-duorcs-1e-5-deberta": 0.5633802816901409,
  "target-wnli-interm-cq-1e-5-deberta": 0.5633802816901409,
  "target-wnli-interm-drop-1e-5-deberta": 0.5633802816901409,
  "target-wnli-interm-snli-1e-5-deberta": 0.6056338028169014,
  "target-wnli-interm-boolq-1e-5-deberta": 0.5633802816901409,
  "target-wnli-interm-rte-1e-5-deberta": 0.5633802816901409,
  "target-wnli-interm-scitail-1e-5-deberta": 0.5492957746478874,
  "target-wnli-interm-comqa-1e-5-deberta": 0.5633802816901409,
  "target-wnli-interm-mnli-1e-5-deberta": 0.5492957746478874,
  "target-wnli-interm-qqp-1e-5-deberta": 0.5211267605633803,
  "target-wnli-interm-mrpc-1e-5-deberta": 0.5633802816901409,
  "target-wnli-interm-hotpotqa-1e-5-deberta": 0.5633802816901409,
  "target-wnli-interm-squad_v2-1e-5-deberta": 0.5633802816901409,
  "target-wnli-interm-qnli-1e-5-deberta": 0.5352112676056338,
  "target-wnli-interm-duorcp-1e-5-deberta": 0.5633802816901409,
  "target-wnli-interm-squad-1e-5-deberta": 0.5633802816901409,
  "target-wnli-interm-sst2-1e-5-deberta": 0.5633802816901409,
  "target-wnli-interm-wikihop-1e-5-deberta": 0.5633802816901409,
  "target-wnli-interm-newsqa-1e-5-deberta": 0.5633802816901409
}